{"cameraMode":{"drawMode":0,"name":"Shaded","section":"Shading Mode"},"sceneLighting":false,"audioPlay":false,"sceneViewState":{"showFog":true,"showMaterialUpdate":false,"showSkybox":true,"showFlares":true,"showImageEffects":true,"showParticleSystems":true},"in2DMode":false,"pivot":{"x":4.901708602905273,"y":5.746201992034912,"z":-1.176965594291687},"rotation":{"x":-0.03817097470164299,"y":0.6744722127914429,"z":-0.03494937717914581,"w":-0.7365605235099793},"size":6.648256778717041,"orthographic":false}