{"cameraMode":{"drawMode":0,"name":"Shaded","section":"Shading Mode"},"sceneLighting":false,"audioPlay":false,"sceneViewState":{"showFog":true,"showMaterialUpdate":false,"showSkybox":true,"showFlares":true,"showImageEffects":true,"showParticleSystems":true},"in2DMode":false,"pivot":{"x":-1.6717177629470826,"y":19.766010284423829,"z":8.555034637451172},"rotation":{"x":0.06040026620030403,"y":0.10509464889764786,"z":-0.0063973101787269119,"w":0.9926353693008423},"size":10.0,"orthographic":false}