{"cameraMode":{"drawMode":0,"name":"Shaded","section":"Shading Mode"},"sceneLighting":false,"audioPlay":false,"sceneViewState":{"showFog":true,"showMaterialUpdate":false,"showSkybox":true,"showFlares":true,"showImageEffects":true,"showParticleSystems":true},"in2DMode":false,"pivot":{"x":-5.960464477539063e-8,"y":0.6717382073402405,"z":25.0},"rotation":{"x":-0.17814844846725465,"y":0.7187855839729309,"z":-0.19953767955303193,"w":-0.6417992115020752},"size":0.9482554197311401,"orthographic":false}