{"cameraMode":{"drawMode":0,"name":"Shaded","section":"Shading Mode"},"sceneLighting":true,"audioPlay":false,"sceneViewState":{"showFog":true,"showMaterialUpdate":false,"showSkybox":true,"showFlares":true,"showImageEffects":true,"showParticleSystems":true},"in2DMode":false,"pivot":{"x":-0.8775463104248047,"y":3.3523387908935549,"z":-0.9591283798217773},"rotation":{"x":-0.053135525435209277,"y":0.9154326915740967,"z":-0.1288267970085144,"w":-0.3775767385959625},"size":10.0,"orthographic":false}